,graph,algo,seed,s,t,dist,time_dist,search_space
300,08blocks,BiBFS-python,3404785993,4,23,2,5.698204040527344e-05,4
301,08blocks,BiBFS-python,3404785993,9,32,2,2.9802322387695312e-05,4
302,08blocks,BiBFS-python,3404785993,17,24,2,2.288818359375e-05,4
303,08blocks,BiBFS-python,3404785993,12,5,2,2.09808349609375e-05,4
304,08blocks,BiBFS-python,3404785993,26,32,2,1.9788742065429688e-05,4
305,08blocks,BiBFS-python,3404785993,27,5,2,2.002716064453125e-05,4
306,08blocks,BiBFS-python,3404785993,4,25,2,2.002716064453125e-05,4
307,08blocks,BiBFS-python,3404785993,6,28,2,2.002716064453125e-05,4
308,08blocks,BiBFS-python,3404785993,4,22,2,2.002716064453125e-05,4
309,08blocks,BiBFS-python,3404785993,7,1,2,1.9073486328125e-05,4
310,08blocks,BiBFS-python,3404785993,4,15,2,1.9073486328125e-05,4
311,08blocks,BiBFS-python,3404785993,30,23,2,1.9788742065429688e-05,4
312,08blocks,BiBFS-python,3404785993,20,8,2,1.9073486328125e-05,4
313,08blocks,BiBFS-python,3404785993,34,14,2,1.8835067749023438e-05,4
314,08blocks,BiBFS-python,3404785993,11,14,2,1.9788742065429688e-05,4
315,08blocks,BiBFS-python,3404785993,29,15,2,1.9073486328125e-05,4
316,08blocks,BiBFS-python,3404785993,24,16,2,2.09808349609375e-05,4
317,08blocks,BiBFS-python,3404785993,12,20,2,2.002716064453125e-05,4
318,08blocks,BiBFS-python,3404785993,21,19,2,2.3126602172851562e-05,4
319,08blocks,BiBFS-python,3404785993,30,29,1,1.6927719116210938e-05,2
320,08blocks,BiBFS-python,3404785993,15,34,2,2.6941299438476562e-05,4
321,08blocks,BiBFS-python,3404785993,9,26,2,3.0040740966796875e-05,4
322,08blocks,BiBFS-python,3404785993,19,5,2,1.9073486328125e-05,4
323,08blocks,BiBFS-python,3404785993,33,10,2,1.8835067749023438e-05,4
324,08blocks,BiBFS-python,3404785993,37,5,2,1.71661376953125e-05,3
325,08blocks,BiBFS-python,3404785993,15,34,2,2.002716064453125e-05,4
326,08blocks,BiBFS-python,3404785993,10,9,1,1.2159347534179688e-05,2
327,08blocks,BiBFS-python,3404785993,12,26,2,1.9788742065429688e-05,4
328,08blocks,BiBFS-python,3404785993,1,37,2,1.811981201171875e-05,3
329,08blocks,BiBFS-python,3404785993,7,4,2,2.09808349609375e-05,4
330,08blocks,BiBFS-python,3404785993,11,6,2,1.9788742065429688e-05,4
331,08blocks,BiBFS-python,3404785993,4,14,2,1.8835067749023438e-05,4
332,08blocks,BiBFS-python,3404785993,3,34,2,1.9788742065429688e-05,4
333,08blocks,BiBFS-python,3404785993,11,22,2,1.811981201171875e-05,4
334,08blocks,BiBFS-python,3404785993,35,10,2,1.7881393432617188e-05,4
335,08blocks,BiBFS-python,3404785993,35,34,1,1.1205673217773438e-05,2
336,08blocks,BiBFS-python,3404785993,20,23,2,1.9311904907226562e-05,4
337,08blocks,BiBFS-python,3404785993,33,11,2,1.811981201171875e-05,4
338,08blocks,BiBFS-python,3404785993,18,8,2,1.9073486328125e-05,4
339,08blocks,BiBFS-python,3404785993,13,20,2,1.9073486328125e-05,4
340,08blocks,BiBFS-python,3404785993,25,32,2,1.8835067749023438e-05,4
341,08blocks,BiBFS-python,3404785993,1,11,2,1.7881393432617188e-05,3
342,08blocks,BiBFS-python,3404785993,25,8,2,1.8835067749023438e-05,4
343,08blocks,BiBFS-python,3404785993,0,17,1,2.6941299438476562e-05,17
344,08blocks,BiBFS-python,3404785993,37,31,2,1.7881393432617188e-05,3
345,08blocks,BiBFS-python,3404785993,27,33,2,1.9311904907226562e-05,4
346,08blocks,BiBFS-python,3404785993,31,36,2,1.9073486328125e-05,4
347,08blocks,BiBFS-python,3404785993,2,7,2,1.9073486328125e-05,4
348,08blocks,BiBFS-python,3404785993,21,6,2,1.9311904907226562e-05,4
349,08blocks,BiBFS-python,3404785993,8,25,2,1.8835067749023438e-05,4
350,08blocks,BiBFS-python,3404785993,37,5,2,1.71661376953125e-05,3
351,08blocks,BiBFS-python,3404785993,18,19,1,1.1920928955078125e-05,3
352,08blocks,BiBFS-python,3404785993,30,29,1,1.0967254638671875e-05,2
353,08blocks,BiBFS-python,3404785993,0,35,1,4.696846008300781e-05,35
354,08blocks,BiBFS-python,3404785993,3,4,1,1.621246337890625e-05,3
355,08blocks,BiBFS-python,3404785993,29,18,2,1.9073486328125e-05,4
356,08blocks,BiBFS-python,3404785993,17,37,2,1.9073486328125e-05,4
357,08blocks,BiBFS-python,3404785993,34,9,2,1.9073486328125e-05,4
358,08blocks,BiBFS-python,3404785993,34,27,2,1.9073486328125e-05,4
359,08blocks,BiBFS-python,3404785993,4,12,2,2.0265579223632812e-05,4
360,08blocks,BiBFS-python,3404785993,28,14,2,1.8835067749023438e-05,4
361,08blocks,BiBFS-python,3404785993,12,33,2,1.9073486328125e-05,4
362,08blocks,BiBFS-python,3404785993,18,13,2,1.8835067749023438e-05,4
363,08blocks,BiBFS-python,3404785993,31,25,2,1.9073486328125e-05,4
364,08blocks,BiBFS-python,3404785993,20,9,2,2.002716064453125e-05,4
365,08blocks,BiBFS-python,3404785993,15,22,2,2.002716064453125e-05,4
366,08blocks,BiBFS-python,3404785993,3,0,1,1.0013580322265625e-05,1
367,08blocks,BiBFS-python,3404785993,3,36,2,2.002716064453125e-05,4
368,08blocks,BiBFS-python,3404785993,20,6,2,2.002716064453125e-05,4
369,08blocks,BiBFS-python,3404785993,32,13,2,2.002716064453125e-05,4
370,08blocks,BiBFS-python,3404785993,29,33,2,1.9073486328125e-05,4
371,08blocks,BiBFS-python,3404785993,29,25,2,1.8835067749023438e-05,4
372,08blocks,BiBFS-python,3404785993,15,32,2,1.9788742065429688e-05,4
373,08blocks,BiBFS-python,3404785993,13,18,2,2.288818359375e-05,4
374,08blocks,BiBFS-python,3404785993,15,35,2,1.9788742065429688e-05,4
375,08blocks,BiBFS-python,3404785993,11,8,2,2.002716064453125e-05,4
376,08blocks,BiBFS-python,3404785993,4,14,2,2.09808349609375e-05,4
377,08blocks,BiBFS-python,3404785993,36,24,2,2.09808349609375e-05,4
378,08blocks,BiBFS-python,3404785993,22,2,2,2.002716064453125e-05,4
379,08blocks,BiBFS-python,3404785993,3,27,2,2.09808349609375e-05,4
380,08blocks,BiBFS-python,3404785993,5,26,2,1.9788742065429688e-05,4
381,08blocks,BiBFS-python,3404785993,34,24,2,1.9788742065429688e-05,4
382,08blocks,BiBFS-python,3404785993,4,22,2,2.0265579223632812e-05,4
383,08blocks,BiBFS-python,3404785993,37,32,2,1.9073486328125e-05,3
384,08blocks,BiBFS-python,3404785993,15,7,2,2.09808349609375e-05,4
385,08blocks,BiBFS-python,3404785993,14,28,2,2.3126602172851562e-05,4
386,08blocks,BiBFS-python,3404785993,6,36,2,2.002716064453125e-05,4
387,08blocks,BiBFS-python,3404785993,5,0,1,1.0013580322265625e-05,1
388,08blocks,BiBFS-python,3404785993,33,28,2,2.1219253540039062e-05,4
389,08blocks,BiBFS-python,3404785993,13,17,2,2.002716064453125e-05,4
390,08blocks,BiBFS-python,3404785993,4,33,2,1.9788742065429688e-05,4
391,08blocks,BiBFS-python,3404785993,2,8,2,1.9311904907226562e-05,4
392,08blocks,BiBFS-python,3404785993,32,13,2,1.9073486328125e-05,4
393,08blocks,BiBFS-python,3404785993,3,25,2,2.9325485229492188e-05,4
394,08blocks,BiBFS-python,3404785993,9,10,1,1.3113021850585938e-05,3
395,08blocks,BiBFS-python,3404785993,9,30,2,2.09808349609375e-05,4
396,08blocks,BiBFS-python,3404785993,31,18,2,1.9788742065429688e-05,4
397,08blocks,BiBFS-python,3404785993,7,35,2,2.09808349609375e-05,4
398,08blocks,BiBFS-python,3404785993,10,33,2,2.09808349609375e-05,4
399,08blocks,BiBFS-python,3404785993,26,8,2,2.5987625122070312e-05,4
800,1138_bus,BiBFS-python,3404785993,127,705,6,0.0005309581756591797,213
801,1138_bus,BiBFS-python,3404785993,279,979,15,0.001809835433959961,666
802,1138_bus,BiBFS-python,3404785993,535,738,17,0.0009531974792480469,383
803,1138_bus,BiBFS-python,3404785993,379,153,15,0.0015017986297607422,598
804,1138_bus,BiBFS-python,3404785993,782,974,8,0.0003058910369873047,148
805,1138_bus,BiBFS-python,3404785993,823,172,8,0.0006372928619384766,271
806,1138_bus,BiBFS-python,3404785993,127,765,6,0.00017213821411132812,74
807,1138_bus,BiBFS-python,3404785993,184,861,11,0.0007989406585693359,335
808,1138_bus,BiBFS-python,3404785993,132,663,10,0.0004968643188476562,224
809,1138_bus,BiBFS-python,3404785993,213,50,4,9.393692016601562e-05,35
810,1138_bus,BiBFS-python,3404785993,122,477,9,0.0005021095275878906,206
811,1138_bus,BiBFS-python,3404785993,913,711,6,7.295608520507812e-05,19
812,1138_bus,BiBFS-python,3404785993,619,266,11,0.0010988712310791016,456
813,1138_bus,BiBFS-python,3404785993,1023,446,16,0.0006849765777587891,257
814,1138_bus,BiBFS-python,3404785993,345,441,10,0.00030994415283203125,128
815,1138_bus,BiBFS-python,3404785993,895,470,19,0.0012538433074951172,498
816,1138_bus,BiBFS-python,3404785993,738,496,17,0.0015609264373779297,541
817,1138_bus,BiBFS-python,3404785993,383,626,13,0.0014469623565673828,618
818,1138_bus,BiBFS-python,3404785993,654,598,13,0.0008051395416259766,351
819,1138_bus,BiBFS-python,3404785993,916,896,18,0.001127004623413086,439
820,1138_bus,BiBFS-python,3404785993,476,1046,17,0.0016281604766845703,649
821,1138_bus,BiBFS-python,3404785993,291,794,12,0.0012307167053222656,508
822,1138_bus,BiBFS-python,3404785993,569,173,16,0.0016491413116455078,682
823,1138_bus,BiBFS-python,3404785993,1005,319,18,0.0009641647338867188,347
824,1138_bus,BiBFS-python,3404785993,1126,166,10,0.00035834312438964844,127
825,1138_bus,BiBFS-python,3404785993,478,1023,23,0.0017328262329101562,643
826,1138_bus,BiBFS-python,3404785993,322,278,5,0.00015163421630859375,47
827,1138_bus,BiBFS-python,3404785993,361,806,13,0.001096963882446289,362
828,1138_bus,BiBFS-python,3404785993,35,1121,18,0.00151824951171875,599
829,1138_bus,BiBFS-python,3404785993,226,124,5,0.0002429485321044922,109
830,1138_bus,BiBFS-python,3404785993,353,196,11,0.0007641315460205078,303
831,1138_bus,BiBFS-python,3404785993,123,426,5,6.508827209472656e-05,24
832,1138_bus,BiBFS-python,3404785993,116,1022,17,0.0007488727569580078,245
833,1138_bus,BiBFS-python,3404785993,348,673,11,0.0011112689971923828,433
834,1138_bus,BiBFS-python,3404785993,1057,318,16,0.0017170906066894531,696
835,1138_bus,BiBFS-python,3404785993,1068,1030,19,0.0009751319885253906,363
836,1138_bus,BiBFS-python,3404785993,610,705,11,0.0005567073822021484,234
837,1138_bus,BiBFS-python,3404785993,1000,342,10,0.00067901611328125,271
838,1138_bus,BiBFS-python,3404785993,553,249,21,0.002425670623779297,960
839,1138_bus,BiBFS-python,3404785993,407,607,12,0.0006279945373535156,227
840,1138_bus,BiBFS-python,3404785993,761,965,15,0.0008158683776855469,262
841,1138_bus,BiBFS-python,3404785993,41,346,16,0.0016400814056396484,671
842,1138_bus,BiBFS-python,3404785993,755,255,13,0.0013949871063232422,577
843,1138_bus,BiBFS-python,3404785993,27,526,10,0.0003960132598876953,185
844,1138_bus,BiBFS-python,3404785993,1120,930,13,0.0008561611175537109,330
845,1138_bus,BiBFS-python,3404785993,830,989,6,8.0108642578125e-05,28
846,1138_bus,BiBFS-python,3404785993,949,1102,10,0.00028228759765625,107
847,1138_bus,BiBFS-python,3404785993,74,226,19,0.0025260448455810547,1041
848,1138_bus,BiBFS-python,3404785993,630,190,7,0.0001709461212158203,64
849,1138_bus,BiBFS-python,3404785993,240,772,10,0.0005567073822021484,239
850,1138_bus,BiBFS-python,3404785993,1134,169,10,0.0003159046173095703,115
851,1138_bus,BiBFS-python,3404785993,546,580,6,0.00012111663818359375,44
852,1138_bus,BiBFS-python,3404785993,923,872,11,0.0003609657287597656,145
853,1138_bus,BiBFS-python,3404785993,6,1051,11,0.0004820823669433594,181
854,1138_bus,BiBFS-python,3404785993,103,122,4,8.082389831542969e-05,35
855,1138_bus,BiBFS-python,3404785993,881,550,16,0.0010981559753417969,435
856,1138_bus,BiBFS-python,3404785993,516,1126,16,0.0005838871002197266,211
857,1138_bus,BiBFS-python,3404785993,1027,271,17,0.0011448860168457031,442
858,1138_bus,BiBFS-python,3404785993,1044,827,9,0.00037598609924316406,145
859,1138_bus,BiBFS-python,3404785993,123,384,11,0.0005958080291748047,257
860,1138_bus,BiBFS-python,3404785993,840,429,11,0.0006630420684814453,287
861,1138_bus,BiBFS-python,3404785993,362,1001,13,0.0008680820465087891,329
862,1138_bus,BiBFS-python,3404785993,550,395,20,0.0018701553344726562,759
863,1138_bus,BiBFS-python,3404785993,941,772,9,0.0005779266357421875,249
864,1138_bus,BiBFS-python,3404785993,615,275,13,0.0007181167602539062,290
865,1138_bus,BiBFS-python,3404785993,450,679,14,0.0005567073822021484,232
866,1138_bus,BiBFS-python,3404785993,96,1,10,0.0005009174346923828,202
867,1138_bus,BiBFS-python,3404785993,116,1102,14,0.0008471012115478516,322
868,1138_bus,BiBFS-python,3404785993,612,197,10,0.0006241798400878906,178
869,1138_bus,BiBFS-python,3404785993,972,414,12,0.0006320476531982422,265
870,1138_bus,BiBFS-python,3404785993,898,1006,12,0.00044918060302734375,154
871,1138_bus,BiBFS-python,3404785993,897,748,17,0.0006721019744873047,256
872,1138_bus,BiBFS-python,3404785993,452,981,12,0.0007920265197753906,312
873,1138_bus,BiBFS-python,3404785993,395,554,18,0.002079010009765625,847
874,1138_bus,BiBFS-python,3404785993,476,1050,17,0.0017008781433105469,665
875,1138_bus,BiBFS-python,3404785993,337,239,13,0.0008730888366699219,366
876,1138_bus,BiBFS-python,3404785993,123,441,6,0.00011181831359863281,43
877,1138_bus,BiBFS-python,3404785993,1079,737,10,0.00029087066650390625,106
878,1138_bus,BiBFS-python,3404785993,665,87,13,0.0005028247833251953,189
879,1138_bus,BiBFS-python,3404785993,107,830,9,0.00030517578125,100
880,1138_bus,BiBFS-python,3404785993,172,804,9,0.0006680488586425781,278
881,1138_bus,BiBFS-python,3404785993,1034,722,18,0.0011639595031738281,402
882,1138_bus,BiBFS-python,3404785993,137,680,7,0.0003159046173095703,138
883,1138_bus,BiBFS-python,3404785993,1118,980,12,0.0006966590881347656,249
884,1138_bus,BiBFS-python,3404785993,473,221,14,0.0010819435119628906,423
885,1138_bus,BiBFS-python,3404785993,434,860,14,0.0010838508605957031,450
886,1138_bus,BiBFS-python,3404785993,198,1086,14,0.00092315673828125,370
887,1138_bus,BiBFS-python,3404785993,164,22,10,0.0009059906005859375,401
888,1138_bus,BiBFS-python,3404785993,998,843,9,0.00019502639770507812,83
889,1138_bus,BiBFS-python,3404785993,403,535,25,0.00215911865234375,889
890,1138_bus,BiBFS-python,3404785993,147,1017,7,0.00021696090698242188,75
891,1138_bus,BiBFS-python,3404785993,80,251,11,0.0006649494171142578,277
892,1138_bus,BiBFS-python,3404785993,981,411,12,0.0007648468017578125,295
893,1138_bus,BiBFS-python,3404785993,90,762,10,0.0006310939788818359,240
894,1138_bus,BiBFS-python,3404785993,274,319,5,8.130073547363281e-05,27
895,1138_bus,BiBFS-python,3404785993,298,916,21,0.0022478103637695312,707
896,1138_bus,BiBFS-python,3404785993,942,548,17,0.0015571117401123047,642
897,1138_bus,BiBFS-python,3404785993,217,1055,10,0.0003020763397216797,116
898,1138_bus,BiBFS-python,3404785993,322,991,11,0.0006568431854248047,265
899,1138_bus,BiBFS-python,3404785993,784,268,12,0.0011730194091796875,492
1300,130bit,BiBFS-python,3404785993,65,362,2,5.793571472167969e-05,27
1301,130bit,BiBFS-python,3404785993,143,502,2,5.1021575927734375e-05,28
1302,130bit,BiBFS-python,3404785993,274,378,2,5.1975250244140625e-05,30
1303,130bit,BiBFS-python,3404785993,194,78,2,4.100799560546875e-05,21
1304,130bit,BiBFS-python,3404785993,401,499,2,4.7206878662109375e-05,26
1305,130bit,BiBFS-python,3404785993,422,88,2,3.910064697265625e-05,20
1306,130bit,BiBFS-python,3404785993,65,392,2,4.887580871582031e-05,29
1307,130bit,BiBFS-python,3404785993,94,442,2,3.5762786865234375e-05,18
1308,130bit,BiBFS-python,3404785993,68,340,2,4.1961669921875e-05,23
1309,130bit,BiBFS-python,3404785993,109,25,2,6.389617919921875e-05,41
1310,130bit,BiBFS-python,3404785993,63,245,2,6.29425048828125e-05,40
1311,130bit,BiBFS-python,3404785993,469,365,3,7.200241088867188e-05,44
1312,130bit,BiBFS-python,3404785993,317,136,2,3.0279159545898438e-05,13
1313,130bit,BiBFS-python,3404785993,525,229,2,3.814697265625e-05,18
1314,130bit,BiBFS-python,3404785993,177,226,2,4.315376281738281e-05,23
1315,130bit,BiBFS-python,3404785993,459,241,2,4.1961669921875e-05,22
1316,130bit,BiBFS-python,3404785993,378,254,2,3.886222839355469e-05,20
1317,130bit,BiBFS-python,3404785993,196,321,2,3.1948089599609375e-05,14
1318,130bit,BiBFS-python,3404785993,335,307,2,3.314018249511719e-05,14
1319,130bit,BiBFS-python,3404785993,470,460,2,4.8160552978515625e-05,16
1320,130bit,BiBFS-python,3404785993,244,537,3,7.891654968261719e-05,36
1321,130bit,BiBFS-python,3404785993,149,407,2,4.00543212890625e-05,21
1322,130bit,BiBFS-python,3404785993,292,89,3,7.891654968261719e-05,49
1323,130bit,BiBFS-python,3404785993,516,163,3,7.605552673339844e-05,44
1324,130bit,BiBFS-python,3404785993,578,85,2,4.410743713378906e-05,25
1325,130bit,BiBFS-python,3404785993,245,525,3,8.106231689453125e-05,47
1326,130bit,BiBFS-python,3404785993,165,143,2,3.600120544433594e-05,18
1327,130bit,BiBFS-python,3404785993,185,413,3,5.984306335449219e-05,33
1328,130bit,BiBFS-python,3404785993,18,575,2,4.7206878662109375e-05,25
1329,130bit,BiBFS-python,3404785993,116,63,1,1.7881393432617188e-05,7
1330,130bit,BiBFS-python,3404785993,181,100,1,1.9073486328125e-05,7
1331,130bit,BiBFS-python,3404785993,63,218,2,6.103515625e-05,38
1332,130bit,BiBFS-python,3404785993,59,524,2,0.0003619194030761719,323
1333,130bit,BiBFS-python,3404785993,178,345,2,3.790855407714844e-05,19
1334,130bit,BiBFS-python,3404785993,542,163,2,4.673004150390625e-05,28
1335,130bit,BiBFS-python,3404785993,548,528,3,5.793571472167969e-05,32
1336,130bit,BiBFS-python,3404785993,313,361,2,4.00543212890625e-05,20
1337,130bit,BiBFS-python,3404785993,513,175,2,3.409385681152344e-05,16
1338,130bit,BiBFS-python,3404785993,284,128,2,3.0994415283203125e-05,13
1339,130bit,BiBFS-python,3404785993,209,311,2,3.504753112792969e-05,18
1340,130bit,BiBFS-python,3404785993,390,495,2,4.2438507080078125e-05,23
1341,130bit,BiBFS-python,3404785993,21,177,2,3.409385681152344e-05,16
1342,130bit,BiBFS-python,3404785993,387,131,2,3.4809112548828125e-05,15
1343,130bit,BiBFS-python,3404785993,13,270,2,3.910064697265625e-05,19
1344,130bit,BiBFS-python,3404785993,574,477,3,0.0001049041748046875,51
1345,130bit,BiBFS-python,3404785993,426,507,2,5.1975250244140625e-05,31
1346,130bit,BiBFS-python,3404785993,487,565,2,3.886222839355469e-05,19
1347,130bit,BiBFS-python,3404785993,38,116,2,3.719329833984375e-05,18
1348,130bit,BiBFS-python,3404785993,323,97,2,4.6253204345703125e-05,26
1349,130bit,BiBFS-python,3404785993,123,396,4,9.703636169433594e-05,64
1350,130bit,BiBFS-python,3404785993,581,86,2,3.2901763916015625e-05,13
1351,130bit,BiBFS-python,3404785993,280,297,2,3.3855438232421875e-05,15
1352,130bit,BiBFS-python,3404785993,474,447,1,4.1961669921875e-05,28
1353,130bit,BiBFS-python,3404785993,3,539,2,0.00010204315185546875,76
1354,130bit,BiBFS-python,3404785993,52,62,2,3.1948089599609375e-05,14
1355,130bit,BiBFS-python,3404785993,452,282,3,7.081031799316406e-05,43
1356,130bit,BiBFS-python,3404785993,265,577,3,5.91278076171875e-05,32
1357,130bit,BiBFS-python,3404785993,527,139,2,3.409385681152344e-05,15
1358,130bit,BiBFS-python,3404785993,536,424,3,5.507469177246094e-05,28
1359,130bit,BiBFS-python,3404785993,63,197,2,5.888938903808594e-05,37
1360,130bit,BiBFS-python,3404785993,431,220,2,4.601478576660156e-05,26
1361,130bit,BiBFS-python,3404785993,186,513,3,6.103515625e-05,36
1362,130bit,BiBFS-python,3404785993,282,202,2,3.2901763916015625e-05,15
1363,130bit,BiBFS-python,3404785993,482,396,2,3.719329833984375e-05,17
1364,130bit,BiBFS-python,3404785993,316,141,2,3.1948089599609375e-05,14
1365,130bit,BiBFS-python,3404785993,231,348,2,3.409385681152344e-05,15
1366,130bit,BiBFS-python,3404785993,49,0,1,1.0013580322265625e-05,1
1367,130bit,BiBFS-python,3404785993,59,565,1,0.00037097930908203125,310
1368,130bit,BiBFS-python,3404785993,314,101,2,3.314018249511719e-05,11
1369,130bit,BiBFS-python,3404785993,499,212,2,4.100799560546875e-05,18
1370,130bit,BiBFS-python,3404785993,461,516,2,3.790855407714844e-05,17
1371,130bit,BiBFS-python,3404785993,460,384,2,5.817413330078125e-05,28
1372,130bit,BiBFS-python,3404785993,232,503,2,4.00543212890625e-05,20
1373,130bit,BiBFS-python,3404785993,202,284,2,3.790855407714844e-05,19
1374,130bit,BiBFS-python,3404785993,244,539,2,3.4809112548828125e-05,16
1375,130bit,BiBFS-python,3404785993,173,123,2,3.6716461181640625e-05,18
1376,130bit,BiBFS-python,3404785993,63,226,2,6.699562072753906e-05,46
1377,130bit,BiBFS-python,3404785993,553,378,4,0.00010013580322265625,61
1378,130bit,BiBFS-python,3404785993,341,44,2,3.62396240234375e-05,17
1379,130bit,BiBFS-python,3404785993,55,425,2,3.504753112792969e-05,17
1380,130bit,BiBFS-python,3404785993,88,412,2,4.220008850097656e-05,23
1381,130bit,BiBFS-python,3404785993,530,370,2,6.413459777832031e-05,42
1382,130bit,BiBFS-python,3404785993,70,349,3,5.078315734863281e-05,25
1383,130bit,BiBFS-python,3404785993,574,502,2,3.409385681152344e-05,16
1384,130bit,BiBFS-python,3404785993,242,113,2,3.528594970703125e-05,17
1385,130bit,BiBFS-python,3404785993,223,441,2,3.981590270996094e-05,20
1386,130bit,BiBFS-python,3404785993,101,557,2,9.894371032714844e-05,68
1387,130bit,BiBFS-python,3404785993,84,11,2,3.409385681152344e-05,15
1388,130bit,BiBFS-python,3404785993,512,433,2,3.409385681152344e-05,16
1389,130bit,BiBFS-python,3404785993,206,274,2,4.029273986816406e-05,21
1390,130bit,BiBFS-python,3404785993,75,522,3,6.198883056640625e-05,33
1391,130bit,BiBFS-python,3404785993,41,129,2,4.38690185546875e-05,17
1392,130bit,BiBFS-python,3404785993,503,211,2,4.982948303222656e-05,18
1393,130bit,BiBFS-python,3404785993,46,391,2,4.315376281738281e-05,15
1394,130bit,BiBFS-python,3404785993,140,164,2,3.981590270996094e-05,20
1395,130bit,BiBFS-python,3404785993,153,470,2,3.886222839355469e-05,19
1396,130bit,BiBFS-python,3404785993,483,281,2,3.790855407714844e-05,17
1397,130bit,BiBFS-python,3404785993,111,541,2,5.4836273193359375e-05,33
1398,130bit,BiBFS-python,3404785993,165,509,2,5.888938903808594e-05,37
1399,130bit,BiBFS-python,3404785993,402,137,3,9.298324584960938e-05,61
1800,145bit,BiBFS-python,3404785993,112,621,2,5.698204040527344e-05,24
1801,145bit,BiBFS-python,3404785993,246,862,2,5.602836608886719e-05,32
1802,145bit,BiBFS-python,3404785993,471,649,2,6.723403930664062e-05,43
1803,145bit,BiBFS-python,3404785993,333,135,2,5.3882598876953125e-05,32
1804,145bit,BiBFS-python,3404785993,689,857,2,4.1961669921875e-05,21
1805,145bit,BiBFS-python,3404785993,725,152,2,4.076957702636719e-05,22
1806,145bit,BiBFS-python,3404785993,112,673,2,3.695487976074219e-05,18
1807,145bit,BiBFS-python,3404785993,162,758,2,5.626678466796875e-05,33
1808,145bit,BiBFS-python,3404785993,117,584,2,5.1021575927734375e-05,29
1809,145bit,BiBFS-python,3404785993,187,44,2,3.886222839355469e-05,19
1810,145bit,BiBFS-python,3404785993,108,420,2,4.506111145019531e-05,23
1811,145bit,BiBFS-python,3404785993,804,626,4,0.00011110305786132812,72
1812,145bit,BiBFS-python,3404785993,545,234,1,2.574920654296875e-05,7
1813,145bit,BiBFS-python,3404785993,900,393,2,7.987022399902344e-05,35
1814,145bit,BiBFS-python,3404785993,303,389,2,3.886222839355469e-05,18
1815,145bit,BiBFS-python,3404785993,788,413,2,4.38690185546875e-05,24
1816,145bit,BiBFS-python,3404785993,649,437,2,0.0003390312194824219,301
1817,145bit,BiBFS-python,3404785993,337,551,2,3.504753112792969e-05,16
1818,145bit,BiBFS-python,3404785993,576,526,2,3.314018249511719e-05,14
1819,145bit,BiBFS-python,3404785993,807,789,2,4.7206878662109375e-05,25
1820,145bit,BiBFS-python,3404785993,419,921,3,5.888938903808594e-05,31
1821,145bit,BiBFS-python,3404785993,256,699,2,4.506111145019531e-05,24
1822,145bit,BiBFS-python,3404785993,501,152,2,4.291534423828125e-05,22
1823,145bit,BiBFS-python,3404785993,885,281,2,5.030632019042969e-05,28
1824,145bit,BiBFS-python,3404785993,992,146,3,5.793571472167969e-05,31
1825,145bit,BiBFS-python,3404785993,421,900,2,4.1961669921875e-05,22
1826,145bit,BiBFS-python,3404785993,283,245,2,4.1961669921875e-05,23
1827,145bit,BiBFS-python,3404785993,318,709,2,6.699562072753906e-05,25
1828,145bit,BiBFS-python,3404785993,31,987,2,4.76837158203125e-05,26
1829,145bit,BiBFS-python,3404785993,199,109,2,0.00012111663818359375,91
1830,145bit,BiBFS-python,3404785993,311,172,3,0.0001308917999267578,96
1831,145bit,BiBFS-python,3404785993,109,375,2,4.100799560546875e-05,20
1832,145bit,BiBFS-python,3404785993,102,900,3,8.392333984375e-05,54
1833,145bit,BiBFS-python,3404785993,306,593,2,5.817413330078125e-05,25
1834,145bit,BiBFS-python,3404785993,931,280,2,5.793571472167969e-05,38
1835,145bit,BiBFS-python,3404785993,941,906,4,8.296966552734375e-05,49
1836,145bit,BiBFS-python,3404785993,537,621,2,4.410743713378906e-05,24
1837,145bit,BiBFS-python,3404785993,881,301,1,2.6702880859375e-05,15
1838,145bit,BiBFS-python,3404785993,487,219,2,4.792213439941406e-05,16
1839,145bit,BiBFS-python,3404785993,358,535,2,3.695487976074219e-05,18
1840,145bit,BiBFS-python,3404785993,670,850,4,0.0001418590545654297,103
1841,145bit,BiBFS-python,3404785993,36,305,2,5.888938903808594e-05,18
1842,145bit,BiBFS-python,3404785993,665,225,2,0.00010395050048828125,48
1843,145bit,BiBFS-python,3404785993,23,463,2,4.696846008300781e-05,24
1844,145bit,BiBFS-python,3404785993,986,818,3,7.510185241699219e-05,41
1845,145bit,BiBFS-python,3404785993,731,871,2,3.600120544433594e-05,16
1846,145bit,BiBFS-python,3404785993,836,971,2,6.031990051269531e-05,35
1847,145bit,BiBFS-python,3404785993,65,199,2,3.409385681152344e-05,14
1848,145bit,BiBFS-python,3404785993,555,167,2,3.695487976074219e-05,17
1849,145bit,BiBFS-python,3404785993,211,680,2,7.891654968261719e-05,56
1850,145bit,BiBFS-python,3404785993,998,148,3,0.0001800060272216797,145
1851,145bit,BiBFS-python,3404785993,480,510,2,3.2901763916015625e-05,15
1852,145bit,BiBFS-python,3404785993,813,768,2,3.814697265625e-05,19
1853,145bit,BiBFS-python,3404785993,5,926,2,6.079673767089844e-05,40
1854,145bit,BiBFS-python,3404785993,90,107,2,3.409385681152344e-05,16
1855,145bit,BiBFS-python,3404785993,775,484,2,3.2901763916015625e-05,15
1856,145bit,BiBFS-python,3404785993,455,991,2,4.1961669921875e-05,22
1857,145bit,BiBFS-python,3404785993,904,239,2,3.814697265625e-05,18
1858,145bit,BiBFS-python,3404785993,919,728,2,4.482269287109375e-05,24
1859,145bit,BiBFS-python,3404785993,108,338,3,0.00010323524475097656,48
1860,145bit,BiBFS-python,3404785993,740,378,2,5.698204040527344e-05,35
1861,145bit,BiBFS-python,3404785993,319,881,2,4.1961669921875e-05,22
1862,145bit,BiBFS-python,3404785993,484,347,2,3.695487976074219e-05,18
1863,145bit,BiBFS-python,3404785993,828,679,3,9.489059448242188e-05,63
1864,145bit,BiBFS-python,3404785993,542,242,2,3.981590270996094e-05,20
1865,145bit,BiBFS-python,3404785993,396,598,2,3.3855438232421875e-05,15
1866,145bit,BiBFS-python,3404785993,85,1,1,1.3113021850585938e-05,2
1867,145bit,BiBFS-python,3404785993,102,970,2,5.412101745605469e-05,32
1868,145bit,BiBFS-python,3404785993,539,173,2,3.814697265625e-05,18
1869,145bit,BiBFS-python,3404785993,856,365,3,8.511543273925781e-05,50
1870,145bit,BiBFS-python,3404785993,791,885,4,8.511543273925781e-05,49
1871,145bit,BiBFS-python,3404785993,790,659,2,9.799003601074219e-05,57
1872,145bit,BiBFS-python,3404785993,398,864,3,8.296966552734375e-05,50
1873,145bit,BiBFS-python,3404785993,348,488,2,3.910064697265625e-05,20
1874,145bit,BiBFS-python,3404785993,419,925,3,6.079673767089844e-05,32
1875,145bit,BiBFS-python,3404785993,296,211,2,4.00543212890625e-05,19
1876,145bit,BiBFS-python,3404785993,108,388,2,4.506111145019531e-05,23
1877,145bit,BiBFS-python,3404785993,950,649,1,2.7894973754882812e-05,15
1878,145bit,BiBFS-python,3404785993,586,76,2,3.1948089599609375e-05,13
1879,145bit,BiBFS-python,3404785993,94,730,2,4.410743713378906e-05,23
1880,145bit,BiBFS-python,3404785993,151,708,2,3.981590270996094e-05,19
1881,145bit,BiBFS-python,3404785993,910,635,3,0.000102996826171875,71
1882,145bit,BiBFS-python,3404785993,120,598,2,5.793571472167969e-05,37
1883,145bit,BiBFS-python,3404785993,985,862,3,8.296966552734375e-05,53
1884,145bit,BiBFS-python,3404785993,416,194,2,3.409385681152344e-05,16
1885,145bit,BiBFS-python,3404785993,382,757,2,4.100799560546875e-05,21
1886,145bit,BiBFS-python,3404785993,174,956,2,4.410743713378906e-05,23
1887,145bit,BiBFS-python,3404785993,145,19,2,3.504753112792969e-05,16
1888,145bit,BiBFS-python,3404785993,879,742,2,5.412101745605469e-05,26
1889,145bit,BiBFS-python,3404785993,355,471,2,3.719329833984375e-05,17
1890,145bit,BiBFS-python,3404785993,129,896,2,3.695487976074219e-05,16
1891,145bit,BiBFS-python,3404785993,70,221,2,3.719329833984375e-05,15
1892,145bit,BiBFS-python,3404785993,864,362,2,4.291534423828125e-05,22
1893,145bit,BiBFS-python,3404785993,79,671,2,4.1961669921875e-05,21
1894,145bit,BiBFS-python,3404785993,241,281,2,0.00010395050048828125,27
1895,145bit,BiBFS-python,3404785993,263,807,3,6.604194641113281e-05,35
1896,145bit,BiBFS-python,3404785993,830,482,2,3.62396240234375e-05,16
1897,145bit,BiBFS-python,3404785993,191,929,2,0.00019884109497070312,170
1898,145bit,BiBFS-python,3404785993,283,873,2,4.38690185546875e-05,25
1899,145bit,BiBFS-python,3404785993,690,236,2,4.38690185546875e-05,25
2300,162bit,BiBFS-python,3404785993,405,2235,3,0.0009889602661132812,76
2301,162bit,BiBFS-python,3404785993,886,3103,3,0.00011897087097167969,29
2302,162bit,BiBFS-python,3404785993,1695,2338,3,0.00039696693420410156,240
2303,162bit,BiBFS-python,3404785993,1201,487,2,4.100799560546875e-05,17
2304,162bit,BiBFS-python,3404785993,2479,3086,4,0.00021195411682128906,160
2305,162bit,BiBFS-python,3404785993,2610,547,3,0.00015616416931152344,112
2306,162bit,BiBFS-python,3404785993,403,2424,3,9.775161743164062e-05,62
2307,162bit,BiBFS-python,3404785993,585,2729,2,4.00543212890625e-05,19
2308,162bit,BiBFS-python,3404785993,421,2103,3,0.00012087821960449219,81
2309,162bit,BiBFS-python,3404785993,675,158,2,3.719329833984375e-05,17
2310,162bit,BiBFS-python,3404785993,389,1513,2,8.606910705566406e-05,61
2311,162bit,BiBFS-python,3404785993,2895,2254,2,3.62396240234375e-05,16
2312,162bit,BiBFS-python,3404785993,1961,843,2,3.314018249511719e-05,14
2313,162bit,BiBFS-python,3404785993,3242,1414,3,8.416175842285156e-05,48
2314,162bit,BiBFS-python,3404785993,1093,1400,2,3.814697265625e-05,18
2315,162bit,BiBFS-python,3404785993,2839,1489,3,6.580352783203125e-05,41
2316,162bit,BiBFS-python,3404785993,2339,1573,2,5.984306335449219e-05,28
2317,162bit,BiBFS-python,3404785993,1216,1986,2,3.910064697265625e-05,19
2318,162bit,BiBFS-python,3404785993,2073,1895,3,6.508827209472656e-05,35
2319,162bit,BiBFS-python,3404785993,2905,2840,2,6.127357482910156e-05,36
2320,162bit,BiBFS-python,3404785993,1509,3317,2,3.600120544433594e-05,16
2321,162bit,BiBFS-python,3404785993,924,2517,3,8.893013000488281e-05,55
2322,162bit,BiBFS-python,3404785993,1803,549,2,3.2901763916015625e-05,14
2323,162bit,BiBFS-python,3404785993,3187,1012,2,4.029273986816406e-05,19
2324,162bit,BiBFS-python,3404785993,3570,527,3,9.894371032714844e-05,53
2325,162bit,BiBFS-python,3404785993,1516,3242,4,0.00010991096496582031,69
2326,162bit,BiBFS-python,3404785993,1021,883,2,3.695487976074219e-05,14
2327,162bit,BiBFS-python,3404785993,1144,2554,2,3.695487976074219e-05,18
2328,162bit,BiBFS-python,3404785993,111,3552,3,0.00015878677368164062,120
2329,162bit,BiBFS-python,3404785993,717,394,2,4.410743713378906e-05,23
2330,162bit,BiBFS-python,3404785993,1119,621,2,5.1021575927734375e-05,20
2331,162bit,BiBFS-python,3404785993,392,1350,2,7.987022399902344e-05,57
2332,162bit,BiBFS-python,3404785993,369,3239,3,0.0001678466796875,126
2333,162bit,BiBFS-python,3404785993,1104,2135,3,0.0001399517059326172,56
2334,162bit,BiBFS-python,3404785993,3351,1009,3,0.0006709098815917969,566
2335,162bit,BiBFS-python,3404785993,3386,3263,2,5.2928924560546875e-05,24
2336,162bit,BiBFS-python,3404785993,1933,2235,2,4.220008850097656e-05,18
2337,162bit,BiBFS-python,3404785993,3171,1085,2,4.506111145019531e-05,23
2338,162bit,BiBFS-python,3404785993,1754,790,2,3.600120544433594e-05,17
2339,162bit,BiBFS-python,3404785993,1290,1925,2,3.62396240234375e-05,15
2340,162bit,BiBFS-python,3404785993,2413,3059,3,0.00019884109497070312,93
2341,162bit,BiBFS-python,3404785993,132,1098,2,3.600120544433594e-05,13
2342,162bit,BiBFS-python,3404785993,2395,810,3,7.82012939453125e-05,46
2343,162bit,BiBFS-python,3404785993,86,1667,2,3.4809112548828125e-05,16
2344,162bit,BiBFS-python,3404785993,3549,2947,3,0.0002467632293701172,205
2345,162bit,BiBFS-python,3404785993,2630,3134,2,6.103515625e-05,27
2346,162bit,BiBFS-python,3404785993,3009,3494,4,0.00011181831359863281,55
2347,162bit,BiBFS-python,3404785993,237,718,2,3.2901763916015625e-05,13
2348,162bit,BiBFS-python,3404785993,1999,602,2,7.700920104980469e-05,54
2349,162bit,BiBFS-python,3404785993,762,2447,3,6.413459777832031e-05,37
2350,162bit,BiBFS-python,3404785993,3593,535,2,5.507469177246094e-05,33
2351,162bit,BiBFS-python,3404785993,1730,1838,2,3.409385681152344e-05,14
2352,162bit,BiBFS-python,3404785993,2927,2764,3,6.67572021484375e-05,33
2353,162bit,BiBFS-python,3404785993,21,3333,2,6.604194641113281e-05,43
2354,162bit,BiBFS-python,3404785993,326,387,3,0.00012993812561035156,96
2355,162bit,BiBFS-python,3404785993,2792,1745,2,4.076957702636719e-05,21
2356,162bit,BiBFS-python,3404785993,1637,3568,2,3.695487976074219e-05,17
2357,162bit,BiBFS-python,3404785993,3255,860,3,0.00045609474182128906,391
2358,162bit,BiBFS-python,3404785993,3310,2622,2,5.340576171875e-05,31
2359,162bit,BiBFS-python,3404785993,390,1219,2,8.702278137207031e-05,58
2360,162bit,BiBFS-python,3404785993,2663,1360,3,0.0001010894775390625,64
2361,162bit,BiBFS-python,3404785993,1149,3172,3,6.103515625e-05,30
2362,162bit,BiBFS-python,3404785993,1743,1252,2,3.504753112792969e-05,14
2363,162bit,BiBFS-python,3404785993,2981,2446,2,4.00543212890625e-05,18
2364,162bit,BiBFS-python,3404785993,1951,872,2,3.314018249511719e-05,13
2365,162bit,BiBFS-python,3404785993,1428,2152,2,3.600120544433594e-05,15
2366,162bit,BiBFS-python,3404785993,306,5,2,3.600120544433594e-05,15
2367,162bit,BiBFS-python,3404785993,368,3493,2,0.000179290771484375,133
2368,162bit,BiBFS-python,3404785993,1939,625,2,3.695487976074219e-05,15
2369,162bit,BiBFS-python,3404785993,3081,1314,3,0.0001430511474609375,98
2370,162bit,BiBFS-python,3404785993,2846,3188,4,0.00013017654418945312,79
2371,162bit,BiBFS-python,3404785993,2845,2372,3,8.0108642578125e-05,48
2372,162bit,BiBFS-python,3404785993,1434,3110,3,7.200241088867188e-05,38
2373,162bit,BiBFS-python,3404785993,1252,1758,2,6.198883056640625e-05,16
2374,162bit,BiBFS-python,3404785993,1509,3329,2,4.8160552978515625e-05,16
2375,162bit,BiBFS-python,3404785993,1068,759,2,4.6253204345703125e-05,20
2376,162bit,BiBFS-python,3404785993,392,1399,2,8.58306884765625e-05,57
2377,162bit,BiBFS-python,3404785993,3419,2336,3,0.00017523765563964844,122
2378,162bit,BiBFS-python,3404785993,2109,276,2,8.821487426757812e-05,51
2379,162bit,BiBFS-python,3404785993,341,2630,3,8.0108642578125e-05,41
2380,162bit,BiBFS-python,3404785993,546,2548,3,0.00014019012451171875,96
2381,162bit,BiBFS-python,3404785993,3277,2288,3,5.698204040527344e-05,26
2382,162bit,BiBFS-python,3404785993,435,2155,2,7.915496826171875e-05,36
2383,162bit,BiBFS-python,3404785993,3545,3105,2,4.410743713378906e-05,19
2384,162bit,BiBFS-python,3404785993,1499,701,2,3.886222839355469e-05,14
2385,162bit,BiBFS-python,3404785993,1378,2727,3,0.00028896331787109375,224
2386,162bit,BiBFS-python,3404785993,627,3443,2,4.100799560546875e-05,18
2387,162bit,BiBFS-python,3404785993,522,70,2,5.1021575927734375e-05,26
2388,162bit,BiBFS-python,3404785993,3165,2673,4,0.00011706352233886719,66
2389,162bit,BiBFS-python,3404785993,1277,1696,2,4.100799560546875e-05,16
2390,162bit,BiBFS-python,3404785993,467,3225,3,9.322166442871094e-05,52
2391,162bit,BiBFS-python,3404785993,255,797,3,7.605552673339844e-05,31
2392,162bit,BiBFS-python,3404785993,3110,1303,2,5.078315734863281e-05,29
2393,162bit,BiBFS-python,3404785993,287,2417,3,6.890296936035156e-05,38
2394,162bit,BiBFS-python,3404785993,870,1013,2,3.814697265625e-05,16
2395,162bit,BiBFS-python,3404785993,946,2904,3,6.890296936035156e-05,34
2396,162bit,BiBFS-python,3404785993,2987,1737,2,3.2901763916015625e-05,12
2397,162bit,BiBFS-python,3404785993,689,3343,2,5.507469177246094e-05,32
2398,162bit,BiBFS-python,3404785993,1020,3143,2,4.38690185546875e-05,21
2399,162bit,BiBFS-python,3404785993,2485,850,2,0.0001220703125,88
2800,176bit,BiBFS-python,3404785993,836,4613,3,9.894371032714844e-05,48
2801,176bit,BiBFS-python,3404785993,1829,6403,2,8.869171142578125e-05,39
2802,176bit,BiBFS-python,3404785993,3499,4825,3,6.318092346191406e-05,32
2803,176bit,BiBFS-python,3404785993,2478,1005,2,3.790855407714844e-05,15
2804,176bit,BiBFS-python,3404785993,5117,6369,2,3.504753112792969e-05,14
2805,176bit,BiBFS-python,3404785993,5386,1129,2,4.410743713378906e-05,16
2806,176bit,BiBFS-python,3404785993,831,5002,2,6.29425048828125e-05,37
2807,176bit,BiBFS-python,3404785993,1208,5632,3,0.00016999244689941406,115
2808,176bit,BiBFS-python,3404785993,868,4339,4,0.00028967857360839844,224
2809,176bit,BiBFS-python,3404785993,1393,327,3,8.320808410644531e-05,46
2810,176bit,BiBFS-python,3404785993,802,3122,2,4.792213439941406e-05,26
2811,176bit,BiBFS-python,3404785993,5975,4652,3,0.00013184547424316406,83
2812,176bit,BiBFS-python,3404785993,4047,1741,2,8.130073547363281e-05,48
2813,176bit,BiBFS-python,3404785993,6690,2918,2,6.008148193359375e-05,29
2814,176bit,BiBFS-python,3404785993,2256,2889,2,4.1961669921875e-05,16
2815,176bit,BiBFS-python,3404785993,5858,3074,3,8.988380432128906e-05,54
2816,176bit,BiBFS-python,3404785993,4826,3247,3,6.4849853515625e-05,33
2817,176bit,BiBFS-python,3404785993,2509,4098,3,0.00012969970703125,83
2818,176bit,BiBFS-python,3404785993,4279,3911,2,8.606910705566406e-05,55
2819,176bit,BiBFS-python,3404785993,5994,5862,3,6.866455078125e-05,33
2820,176bit,BiBFS-python,3404785993,3115,6845,3,6.29425048828125e-05,30
2821,176bit,BiBFS-python,3404785993,1908,5194,2,4.506111145019531e-05,21
2822,176bit,BiBFS-python,3404785993,3722,1134,2,4.410743713378906e-05,19
2823,176bit,BiBFS-python,3404785993,6576,2089,3,0.00014019012451171875,80
2824,176bit,BiBFS-python,3404785993,7368,1088,2,4.315376281738281e-05,16
2825,176bit,BiBFS-python,3404785993,3128,6690,2,4.100799560546875e-05,17
2826,176bit,BiBFS-python,3404785993,2107,1822,2,3.814697265625e-05,15
2827,176bit,BiBFS-python,3404785993,2361,5270,2,4.1961669921875e-05,18
2828,176bit,BiBFS-python,3404785993,231,7330,2,4.8160552978515625e-05,24
2829,176bit,BiBFS-python,3404785993,1480,814,2,3.910064697265625e-05,16
2830,176bit,BiBFS-python,3404785993,2310,1283,2,3.409385681152344e-05,13
2831,176bit,BiBFS-python,3404785993,809,2786,2,6.413459777832031e-05,38
2832,176bit,BiBFS-python,3404785993,762,6684,2,8.225440979003906e-05,44
2833,176bit,BiBFS-python,3404785993,2279,4406,2,4.9114227294921875e-05,20
2834,176bit,BiBFS-python,3404785993,6916,2082,2,4.982948303222656e-05,18
2835,176bit,BiBFS-python,3404785993,6988,6735,4,0.00010395050048828125,54
2836,176bit,BiBFS-python,3404785993,3989,4612,2,4.100799560546875e-05,18
2837,176bit,BiBFS-python,3404785993,6545,2239,2,4.76837158203125e-05,23
2838,176bit,BiBFS-python,3404785993,3621,1631,2,3.6716461181640625e-05,16
2839,176bit,BiBFS-python,3404785993,2663,3974,2,3.504753112792969e-05,15
2840,176bit,BiBFS-python,3404785993,4979,6313,3,0.00015211105346679688,105
2841,176bit,BiBFS-python,3404785993,272,2267,2,3.2901763916015625e-05,13
2842,176bit,BiBFS-python,3404785993,4942,1672,2,3.7670135498046875e-05,16
2843,176bit,BiBFS-python,3404785993,178,3441,2,3.409385681152344e-05,14
2844,176bit,BiBFS-python,3404785993,7325,6081,3,8.130073547363281e-05,25
2845,176bit,BiBFS-python,3404785993,5428,6468,2,4.410743713378906e-05,17
2846,176bit,BiBFS-python,3404785993,6209,7210,2,3.409385681152344e-05,13
2847,176bit,BiBFS-python,3404785993,489,1482,2,0.00010204315185546875,15
2848,176bit,BiBFS-python,3404785993,4125,1243,2,4.506111145019531e-05,22
2849,176bit,BiBFS-python,3404785993,1573,5050,2,5.5789947509765625e-05,23
2850,176bit,BiBFS-python,3404785993,7415,1105,2,4.100799560546875e-05,16
2851,176bit,BiBFS-python,3404785993,3571,3794,2,3.695487976074219e-05,17
2852,176bit,BiBFS-python,3404785993,6040,5705,2,3.886222839355469e-05,18
2853,176bit,BiBFS-python,3404785993,43,6877,3,7.724761962890625e-05,41
2854,176bit,BiBFS-python,3404785993,673,799,2,8.320808410644531e-05,54
2855,176bit,BiBFS-python,3404785993,5761,3601,2,3.719329833984375e-05,15
2856,176bit,BiBFS-python,3404785993,3379,7363,2,3.814697265625e-05,18
2857,176bit,BiBFS-python,3404785993,6717,1776,2,5.817413330078125e-05,33
2858,176bit,BiBFS-python,3404785993,6830,5411,3,7.987022399902344e-05,42
2859,176bit,BiBFS-python,3404785993,806,2515,2,5.602836608886719e-05,32
2860,176bit,BiBFS-python,3404785993,5496,2807,2,4.1961669921875e-05,20
2861,176bit,BiBFS-python,3404785993,2371,6545,2,3.886222839355469e-05,15
2862,176bit,BiBFS-python,3404785993,3596,2583,2,4.00543212890625e-05,18
2863,176bit,BiBFS-python,3404785993,6152,5048,2,4.410743713378906e-05,19
2864,176bit,BiBFS-python,3404785993,4026,1801,2,3.314018249511719e-05,14
2865,176bit,BiBFS-python,3404785993,2947,4441,3,0.0001087188720703125,75
2866,176bit,BiBFS-python,3404785993,632,11,2,0.0001049041748046875,77
2867,176bit,BiBFS-python,3404785993,759,7209,2,6.198883056640625e-05,36
2868,176bit,BiBFS-python,3404785993,4002,1290,2,3.790855407714844e-05,17
2869,176bit,BiBFS-python,3404785993,6358,2712,2,4.291534423828125e-05,21
2870,176bit,BiBFS-python,3404785993,5874,6579,2,5.8650970458984375e-05,36
2871,176bit,BiBFS-python,3404785993,5870,4895,2,3.790855407714844e-05,14
2872,176bit,BiBFS-python,3404785993,2959,6418,2,4.410743713378906e-05,19
2873,176bit,BiBFS-python,3404785993,2584,3627,2,3.62396240234375e-05,15
2874,176bit,BiBFS-python,3404785993,3115,6869,3,5.602836608886719e-05,28
2875,176bit,BiBFS-python,3404785993,2204,1567,2,4.029273986816406e-05,16
2876,176bit,BiBFS-python,3404785993,809,2887,2,6.103515625e-05,38
2877,176bit,BiBFS-python,3404785993,7055,4820,3,7.510185241699219e-05,38
2878,176bit,BiBFS-python,3404785993,4353,571,4,0.00012183189392089844,83
2879,176bit,BiBFS-python,3404785993,704,5427,3,0.00011301040649414062,56
2880,176bit,BiBFS-python,3404785993,1127,5259,3,7.200241088867188e-05,42
2881,176bit,BiBFS-python,3404785993,6762,4721,3,0.00015592575073242188,113
2882,176bit,BiBFS-python,3404785993,897,4448,2,5.5789947509765625e-05,32
2883,176bit,BiBFS-python,3404785993,7316,6408,3,7.700920104980469e-05,41
2884,176bit,BiBFS-python,3404785993,3094,1447,2,3.4809112548828125e-05,14
2885,176bit,BiBFS-python,3404785993,2843,5628,3,7.414817810058594e-05,42
2886,176bit,BiBFS-python,3404785993,1295,7105,2,4.506111145019531e-05,22
2887,176bit,BiBFS-python,3404785993,1077,146,2,4.1961669921875e-05,20
2888,176bit,BiBFS-python,3404785993,6531,5517,2,3.814697265625e-05,18
2889,176bit,BiBFS-python,3404785993,2637,3500,2,3.504753112792969e-05,15
2890,176bit,BiBFS-python,3404785993,964,6655,2,4.982948303222656e-05,27
2891,176bit,BiBFS-python,3404785993,526,1646,3,6.818771362304688e-05,36
2892,176bit,BiBFS-python,3404785993,6419,2689,2,7.677078247070312e-05,42
2893,176bit,BiBFS-python,3404785993,592,4987,3,0.0002818107604980469,219
2894,176bit,BiBFS-python,3404785993,1796,2090,2,4.410743713378906e-05,22
2895,176bit,BiBFS-python,3404785993,1953,5993,2,5.1975250244140625e-05,19
2896,176bit,BiBFS-python,3404785993,6165,3584,2,5.1021575927734375e-05,18
2897,176bit,BiBFS-python,3404785993,1422,6899,3,7.915496826171875e-05,44
2898,176bit,BiBFS-python,3404785993,2106,6485,3,9.989738464355469e-05,60
2899,176bit,BiBFS-python,3404785993,5128,1755,3,6.604194641113281e-05,38
3300,192bit,BiBFS-python,3404785993,1539,8489,3,0.00010514259338378906,59
3301,192bit,BiBFS-python,3404785993,3366,11782,3,0.001249074935913086,1103
3302,192bit,BiBFS-python,3404785993,6438,8879,4,8.869171142578125e-05,47
3303,192bit,BiBFS-python,3404785993,4561,1850,2,4.1961669921875e-05,16
3304,192bit,BiBFS-python,3404785993,9415,11718,3,6.794929504394531e-05,37
3305,192bit,BiBFS-python,3404785993,9910,2078,4,0.0006091594696044922,527
3306,192bit,BiBFS-python,3404785993,1530,9205,2,5.817413330078125e-05,31
3307,192bit,BiBFS-python,3404785993,2224,10363,3,0.00011610984802246094,64
3308,192bit,BiBFS-python,3404785993,1598,7984,3,0.00011801719665527344,73
3309,192bit,BiBFS-python,3404785993,2563,602,2,4.887580871582031e-05,24
3310,192bit,BiBFS-python,3404785993,1477,5745,2,7.224082946777344e-05,45
3311,192bit,BiBFS-python,3404785993,10995,8561,2,4.601478576660156e-05,22
3312,192bit,BiBFS-python,3404785993,7447,3203,2,3.504753112792969e-05,14
3313,192bit,BiBFS-python,3404785993,12309,5370,3,0.00011801719665527344,82
3314,192bit,BiBFS-python,3404785993,4151,5316,2,4.291534423828125e-05,16
3315,192bit,BiBFS-python,3404785993,10779,5656,3,5.1021575927734375e-05,22
3316,192bit,BiBFS-python,3404785993,8881,5974,2,4.601478576660156e-05,23
3317,192bit,BiBFS-python,3404785993,4617,7541,3,6.890296936035156e-05,37
3318,192bit,BiBFS-python,3404785993,7873,7197,3,7.724761962890625e-05,32
3319,192bit,BiBFS-python,3404785993,11030,10786,4,0.0001747608184814453,120
3320,192bit,BiBFS-python,3404785993,5731,12595,3,0.00029778480529785156,244
3321,192bit,BiBFS-python,3404785993,3510,9557,3,0.00011181831359863281,66
3322,192bit,BiBFS-python,3404785993,6848,2086,2,3.886222839355469e-05,13
3323,192bit,BiBFS-python,3404785993,12100,3844,3,7.915496826171875e-05,40
3324,192bit,BiBFS-python,3404785993,13556,2002,3,8.106231689453125e-05,47
3325,192bit,BiBFS-python,3404785993,5756,12309,3,6.818771362304688e-05,35
3326,192bit,BiBFS-python,3404785993,3877,3353,2,3.910064697265625e-05,18
3327,192bit,BiBFS-python,3404785993,4345,9697,2,4.38690185546875e-05,21
3328,192bit,BiBFS-python,3404785993,425,13487,3,6.604194641113281e-05,35
3329,192bit,BiBFS-python,3404785993,2724,1499,2,4.315376281738281e-05,18
3330,192bit,BiBFS-python,3404785993,4250,2360,2,4.315376281738281e-05,19
3331,192bit,BiBFS-python,3404785993,1489,5126,2,7.104873657226562e-05,44
3332,192bit,BiBFS-python,3404785993,1403,12298,2,7.82012939453125e-05,53
3333,192bit,BiBFS-python,3404785993,4194,8106,2,5.3882598876953125e-05,25
3334,192bit,BiBFS-python,3404785993,12725,3831,2,5.1975250244140625e-05,26
3335,192bit,BiBFS-python,3404785993,12859,12392,3,0.00010085105895996094,37
3336,192bit,BiBFS-python,3404785993,7340,8486,3,0.00011801719665527344,50
3337,192bit,BiBFS-python,3404785993,12042,4120,3,7.510185241699219e-05,33
3338,192bit,BiBFS-python,3404785993,6662,3001,2,4.315376281738281e-05,17
3339,192bit,BiBFS-python,3404785993,4900,7312,2,4.38690185546875e-05,15
3340,192bit,BiBFS-python,3404785993,9162,11616,4,0.00023984909057617188,182
3341,192bit,BiBFS-python,3404785993,501,4171,2,3.981590270996094e-05,17
3342,192bit,BiBFS-python,3404785993,9093,3076,2,5.1975250244140625e-05,25
3343,192bit,BiBFS-python,3404785993,327,6331,2,4.076957702636719e-05,16
3344,192bit,BiBFS-python,3404785993,13478,11189,2,5.412101745605469e-05,24
3345,192bit,BiBFS-python,3404785993,9988,11902,4,0.00020694732666015625,154
3346,192bit,BiBFS-python,3404785993,11425,13267,2,5.507469177246094e-05,29
3347,192bit,BiBFS-python,3404785993,901,2726,2,6.103515625e-05,27
3348,192bit,BiBFS-python,3404785993,7590,2288,2,6.389617919921875e-05,28
3349,192bit,BiBFS-python,3404785993,2895,9292,2,5.2928924560546875e-05,28
3350,192bit,BiBFS-python,3404785993,13643,2034,2,5.602836608886719e-05,31
3351,192bit,BiBFS-python,3404785993,6571,6981,2,3.886222839355469e-05,13
3352,192bit,BiBFS-python,3404785993,11114,10497,2,3.790855407714844e-05,15
3353,192bit,BiBFS-python,3404785993,79,12654,2,5.698204040527344e-05,30
3354,192bit,BiBFS-python,3404785993,1239,1470,3,0.00016808509826660156,115
3355,192bit,BiBFS-python,3404785993,10600,6626,3,0.00024199485778808594,191
3356,192bit,BiBFS-python,3404785993,6218,13548,3,0.0002510547637939453,198
3357,192bit,BiBFS-python,3404785993,12360,3268,3,6.890296936035156e-05,36
3358,192bit,BiBFS-python,3404785993,12568,9956,2,4.506111145019531e-05,22
3359,192bit,BiBFS-python,3404785993,1483,4628,1,3.0994415283203125e-05,12
3360,192bit,BiBFS-python,3404785993,10113,5165,3,6.508827209472656e-05,36
3361,192bit,BiBFS-python,3404785993,4363,12043,2,6.29425048828125e-05,20
3362,192bit,BiBFS-python,3404785993,6618,4753,2,3.504753112792969e-05,12
3363,192bit,BiBFS-python,3404785993,11321,9289,2,4.00543212890625e-05,18
3364,192bit,BiBFS-python,3404785993,7408,3314,2,3.814697265625e-05,15
3365,192bit,BiBFS-python,3404785993,5423,8172,2,4.1961669921875e-05,15
3366,192bit,BiBFS-python,3404785993,1163,22,2,7.319450378417969e-05,25
3367,192bit,BiBFS-python,3404785993,1397,13264,2,8.106231689453125e-05,53
3368,192bit,BiBFS-python,3404785993,7364,2375,2,3.7670135498046875e-05,15
3369,192bit,BiBFS-python,3404785993,11699,4990,3,0.0002200603485107422,169
3370,192bit,BiBFS-python,3404785993,10808,12105,3,0.0001590251922607422,110
3371,192bit,BiBFS-python,3404785993,10802,9007,2,7.605552673339844e-05,49
3372,192bit,BiBFS-python,3404785993,5444,11809,3,6.890296936035156e-05,34
3373,192bit,BiBFS-python,3404785993,4755,6675,2,4.601478576660156e-05,21
3374,192bit,BiBFS-python,3404785993,5732,12639,2,4.792213439941406e-05,23
3375,192bit,BiBFS-python,3404785993,4056,2884,2,3.695487976074219e-05,14
3376,192bit,BiBFS-python,3404785993,1488,5311,2,5.984306335449219e-05,35
3377,192bit,BiBFS-python,3404785993,12981,8869,2,4.601478576660156e-05,22
3378,192bit,BiBFS-python,3404785993,8010,1050,3,0.0001049041748046875,58
3379,192bit,BiBFS-python,3404785993,1295,9986,2,0.00018095970153808594,145
3380,192bit,BiBFS-python,3404785993,2073,9677,2,4.57763671875e-05,23
3381,192bit,BiBFS-python,3404785993,12442,8687,2,4.410743713378906e-05,15
3382,192bit,BiBFS-python,3404785993,1651,8184,2,7.295608520507812e-05,37
3383,192bit,BiBFS-python,3404785993,13462,11791,2,5.030632019042969e-05,21
3384,192bit,BiBFS-python,3404785993,5693,2664,2,3.886222839355469e-05,14
3385,192bit,BiBFS-python,3404785993,5232,10356,3,0.00042176246643066406,350
3386,192bit,BiBFS-python,3404785993,2384,13074,2,4.9114227294921875e-05,26
3387,192bit,BiBFS-python,3404785993,1981,269,2,5.0067901611328125e-05,24
3388,192bit,BiBFS-python,3404785993,12016,10151,2,5.507469177246094e-05,29
3389,192bit,BiBFS-python,3404785993,4852,6441,2,3.790855407714844e-05,14
3390,192bit,BiBFS-python,3404785993,1774,12245,3,0.0002608299255371094,215
3391,192bit,BiBFS-python,3404785993,969,3029,2,4.410743713378906e-05,21
3392,192bit,BiBFS-python,3404785993,11811,4947,3,5.5789947509765625e-05,28
3393,192bit,BiBFS-python,3404785993,1090,9177,4,0.0003609657287597656,300
3394,192bit,BiBFS-python,3404785993,3305,3846,2,4.38690185546875e-05,18
3395,192bit,BiBFS-python,3404785993,3593,11027,4,8.296966552734375e-05,42
3396,192bit,BiBFS-python,3404785993,11343,6595,2,4.029273986816406e-05,18
3397,192bit,BiBFS-python,3404785993,2617,12694,2,6.985664367675781e-05,42
3398,192bit,BiBFS-python,3404785993,3874,11933,3,8.988380432128906e-05,51
3399,192bit,BiBFS-python,3404785993,9435,3230,3,0.0002601146697998047,173
3800,208bit,BiBFS-python,3404785993,2746,15148,2,7.867813110351562e-05,37
3801,208bit,BiBFS-python,3404785993,6007,21023,2,6.198883056640625e-05,19
3802,208bit,BiBFS-python,3404785993,11488,15844,2,4.887580871582031e-05,16
3803,208bit,BiBFS-python,3404785993,8138,3302,2,5.507469177246094e-05,22
3804,208bit,BiBFS-python,3404785993,16801,20910,2,9.393692016601562e-05,39
3805,208bit,BiBFS-python,3404785993,17684,3709,4,0.0002529621124267578,178
3806,208bit,BiBFS-python,3404785993,2730,16425,2,5.6743621826171875e-05,17
3807,208bit,BiBFS-python,3404785993,3969,18492,3,0.0004360675811767578,320
3808,208bit,BiBFS-python,3404785993,2852,14248,2,4.410743713378906e-05,17
3809,208bit,BiBFS-python,3404785993,4574,1074,2,7.414817810058594e-05,35
3810,208bit,BiBFS-python,3404785993,2635,10251,3,7.510185241699219e-05,31
3811,208bit,BiBFS-python,3404785993,19619,15276,4,0.0001399517059326172,83
3812,208bit,BiBFS-python,3404785993,13288,5716,2,5.698204040527344e-05,17
3813,208bit,BiBFS-python,3404785993,21965,9582,2,6.198883056640625e-05,16
3814,208bit,BiBFS-python,3404785993,7407,9487,2,5.412101745605469e-05,22
3815,208bit,BiBFS-python,3404785993,19234,10093,2,9.202957153320312e-05,49
3816,208bit,BiBFS-python,3404785993,15847,10660,2,5.1975250244140625e-05,18
3817,208bit,BiBFS-python,3404785993,8239,13456,2,6.031990051269531e-05,18
3818,208bit,BiBFS-python,3404785993,14049,12843,2,4.673004150390625e-05,16
3819,208bit,BiBFS-python,3404785993,19682,19247,2,5.1021575927734375e-05,19
3820,208bit,BiBFS-python,3404785993,10227,22475,2,5.602836608886719e-05,24
3821,208bit,BiBFS-python,3404785993,6264,17054,2,5.412101745605469e-05,22
3822,208bit,BiBFS-python,3404785993,12220,3723,3,9.608268737792969e-05,30
3823,208bit,BiBFS-python,3404785993,21591,6859,2,6.198883056640625e-05,16
3824,208bit,BiBFS-python,3404785993,24190,3573,2,5.888938903808594e-05,20
3825,208bit,BiBFS-python,3404785993,10272,21965,2,4.410743713378906e-05,15
3826,208bit,BiBFS-python,3404785993,6919,5983,2,5.1021575927734375e-05,16
3827,208bit,BiBFS-python,3404785993,7754,17303,2,6.198883056640625e-05,19
3828,208bit,BiBFS-python,3404785993,758,24067,3,0.0001323223114013672,67
3829,208bit,BiBFS-python,3404785993,4860,2675,2,6.103515625e-05,26
3830,208bit,BiBFS-python,3404785993,7584,4212,2,6.103515625e-05,16
3831,208bit,BiBFS-python,3404785993,2657,9147,2,5.984306335449219e-05,21
3832,208bit,BiBFS-python,3404785993,2504,21944,2,5.0067901611328125e-05,20
3833,208bit,BiBFS-python,3404785993,7483,14465,2,5.2928924560546875e-05,25
3834,208bit,BiBFS-python,3404785993,22706,6837,2,4.291534423828125e-05,16
3835,208bit,BiBFS-python,3404785993,22945,22112,2,5.316734313964844e-05,16
3836,208bit,BiBFS-python,3404785993,13097,15143,2,4.601478576660156e-05,18
3837,208bit,BiBFS-python,3404785993,21488,7352,2,0.00020313262939453125,160
3838,208bit,BiBFS-python,3404785993,11889,5355,2,4.100799560546875e-05,18
3839,208bit,BiBFS-python,3404785993,8744,13048,2,9.5367431640625e-05,18
3840,208bit,BiBFS-python,3404785993,16349,20727,2,5.817413330078125e-05,21
3841,208bit,BiBFS-python,3404785993,894,7443,2,4.887580871582031e-05,17
3842,208bit,BiBFS-python,3404785993,16226,5490,2,5.91278076171875e-05,26
3843,208bit,BiBFS-python,3404785993,585,11298,2,4.887580871582031e-05,18
3844,208bit,BiBFS-python,3404785993,24050,19965,2,5.984306335449219e-05,22
3845,208bit,BiBFS-python,3404785993,17823,21237,2,5.1021575927734375e-05,19
3846,208bit,BiBFS-python,3404785993,20387,23674,2,5.125999450683594e-05,18
3847,208bit,BiBFS-python,3404785993,1607,4865,2,4.1961669921875e-05,16
3848,208bit,BiBFS-python,3404785993,13544,4083,2,4.410743713378906e-05,14
3849,208bit,BiBFS-python,3404785993,5166,16580,2,7.486343383789062e-05,24
3850,208bit,BiBFS-python,3404785993,24346,3630,2,5.1021575927734375e-05,16
3851,208bit,BiBFS-python,3404785993,11725,12456,2,4.6253204345703125e-05,14
3852,208bit,BiBFS-python,3404785993,19832,18732,2,6.29425048828125e-05,16
3853,208bit,BiBFS-python,3404785993,142,22581,2,7.128715515136719e-05,39
3854,208bit,BiBFS-python,3404785993,2212,2624,2,4.315376281738281e-05,16
3855,208bit,BiBFS-python,3404785993,18916,11823,2,5.1021575927734375e-05,21
3856,208bit,BiBFS-python,3404785993,11096,24175,3,8.487701416015625e-05,43
3857,208bit,BiBFS-python,3404785993,22055,5833,2,4.9114227294921875e-05,15
3858,208bit,BiBFS-python,3404785993,22426,17767,2,5.7220458984375e-05,17
3859,208bit,BiBFS-python,3404785993,2647,8258,2,5.817413330078125e-05,20
3860,208bit,BiBFS-python,3404785993,18046,9217,2,4.696846008300781e-05,15
3861,208bit,BiBFS-python,3404785993,7786,21490,2,5.2928924560546875e-05,18
3862,208bit,BiBFS-python,3404785993,11809,8482,2,4.410743713378906e-05,17
3863,208bit,BiBFS-python,3404785993,20201,16575,2,4.1961669921875e-05,16
3864,208bit,BiBFS-python,3404785993,13219,5913,2,5.125999450683594e-05,18
3865,208bit,BiBFS-python,3404785993,9677,14582,2,6.890296936035156e-05,30
3866,208bit,BiBFS-python,3404785993,2075,39,2,5.316734313964844e-05,21
3867,208bit,BiBFS-python,3404785993,2494,23669,3,9.226799011230469e-05,34
3868,208bit,BiBFS-python,3404785993,13141,4238,2,4.887580871582031e-05,15
3869,208bit,BiBFS-python,3404785993,20876,8904,2,4.792213439941406e-05,15
3870,208bit,BiBFS-python,3404785993,19285,21601,4,0.00015211105346679688,90
3871,208bit,BiBFS-python,3404785993,19275,16072,3,0.0009427070617675781,772
3872,208bit,BiBFS-python,3404785993,9715,21072,2,5.0067901611328125e-05,15
3873,208bit,BiBFS-python,3404785993,8485,11911,2,5.698204040527344e-05,21
3874,208bit,BiBFS-python,3404785993,10228,22554,3,0.00026226043701171875,204
3875,208bit,BiBFS-python,3404785993,7237,5147,2,5.340576171875e-05,13
3876,208bit,BiBFS-python,3404785993,2656,9478,3,0.0001049041748046875,53
3877,208bit,BiBFS-python,3404785993,23163,15827,2,5.316734313964844e-05,14
3878,208bit,BiBFS-python,3404785993,14293,1875,2,7.200241088867188e-05,21
3879,208bit,BiBFS-python,3404785993,2312,17819,2,6.580352783203125e-05,33
3880,208bit,BiBFS-python,3404785993,3700,17268,2,4.887580871582031e-05,21
3881,208bit,BiBFS-python,3404785993,22202,15501,2,4.291534423828125e-05,15
3882,208bit,BiBFS-python,3404785993,2947,14603,2,4.982948303222656e-05,14
3883,208bit,BiBFS-python,3404785993,24021,21041,3,0.00045299530029296875,354
3884,208bit,BiBFS-python,3404785993,10159,4753,2,5.507469177246094e-05,20
3885,208bit,BiBFS-python,3404785993,9335,18479,3,9.703636169433594e-05,38
3886,208bit,BiBFS-python,3404785993,4254,23330,2,9.608268737792969e-05,50
3887,208bit,BiBFS-python,3404785993,3536,480,2,7.796287536621094e-05,20
3888,208bit,BiBFS-python,3404785993,21442,18113,2,6.175041198730469e-05,29
3889,208bit,BiBFS-python,3404785993,8658,11493,2,4.100799560546875e-05,15
3890,208bit,BiBFS-python,3404785993,3167,21850,2,5.602836608886719e-05,19
3891,208bit,BiBFS-python,3404785993,1730,5405,2,5.2928924560546875e-05,18
3892,208bit,BiBFS-python,3404785993,21075,8829,2,4.506111145019531e-05,18
3893,208bit,BiBFS-python,3404785993,1945,16376,2,6.604194641113281e-05,32
3894,208bit,BiBFS-python,3404785993,5897,6864,2,6.29425048828125e-05,17
3895,208bit,BiBFS-python,3404785993,6412,19678,2,6.079673767089844e-05,23
3896,208bit,BiBFS-python,3404785993,20241,11768,3,8.678436279296875e-05,39
3897,208bit,BiBFS-python,3404785993,4670,22651,2,5.602836608886719e-05,26
3898,208bit,BiBFS-python,3404785993,6914,21294,3,0.00011396408081054688,63
3899,208bit,BiBFS-python,3404785993,16837,5763,3,9.298324584960938e-05,48
4300,2D_27628_bjtcai,BiBFS-python,3404785993,3106,17130,66,0.1809401512145996,263145
4301,2D_27628_bjtcai,BiBFS-python,3404785993,6793,23775,128,0.23241710662841797,334034
4302,2D_27628_bjtcai,BiBFS-python,3404785993,12992,17918,50,0.05947685241699219,82140
4303,2D_27628_bjtcai,BiBFS-python,3404785993,9204,3734,33,0.025126218795776367,34465
4304,2D_27628_bjtcai,BiBFS-python,3404785993,19001,23647,30,0.03206300735473633,47063
4305,2D_27628_bjtcai,BiBFS-python,3404785993,19999,4195,72,0.20565295219421387,300944
4306,2D_27628_bjtcai,BiBFS-python,3404785993,3088,18575,73,0.20286083221435547,298502
4307,2D_27628_bjtcai,BiBFS-python,3404785993,4488,20913,80,0.20990276336669922,307441
4308,2D_27628_bjtcai,BiBFS-python,3404785993,3226,16113,79,0.1760239601135254,258728
4309,2D_27628_bjtcai,BiBFS-python,3404785993,5173,1214,26,0.02286219596862793,31403
4310,2D_27628_bjtcai,BiBFS-python,3404785993,2980,11593,49,0.050237178802490234,70222
4311,2D_27628_bjtcai,BiBFS-python,3404785993,22188,17276,31,0.029218196868896484,45383
4312,2D_27628_bjtcai,BiBFS-python,3404785993,15028,6465,54,0.0729830265045166,102718
4313,2D_27628_bjtcai,BiBFS-python,3404785993,24840,10836,69,0.1734180450439453,258462
4314,2D_27628_bjtcai,BiBFS-python,3404785993,8377,10729,30,0.02468395233154297,34110
4315,2D_27628_bjtcai,BiBFS-python,3404785993,21752,11414,59,0.08728408813476562,124427
4316,2D_27628_bjtcai,BiBFS-python,3404785993,17921,12056,40,0.0419001579284668,58904
4317,2D_27628_bjtcai,BiBFS-python,3404785993,9318,15218,47,0.08454585075378418,91967
4318,2D_27628_bjtcai,BiBFS-python,3404785993,15888,14524,39,0.04186272621154785,58010
4319,2D_27628_bjtcai,BiBFS-python,3404785993,22259,21766,31,0.04501795768737793,70059
4320,2D_27628_bjtcai,BiBFS-python,3404785993,11565,25417,63,0.14652204513549805,217971
4321,2D_27628_bjtcai,BiBFS-python,3404785993,7084,19286,72,0.17672419548034668,256463
4322,2D_27628_bjtcai,BiBFS-python,3404785993,13820,4211,57,0.08656191825866699,119684
4323,2D_27628_bjtcai,BiBFS-python,3404785993,24418,7757,93,0.21700310707092285,319540
4324,2D_27628_bjtcai,BiBFS-python,3404785993,27357,4041,110,0.21347379684448242,315709
4325,2D_27628_bjtcai,BiBFS-python,3404785993,11616,24840,59,0.1327359676361084,199549
4326,2D_27628_bjtcai,BiBFS-python,3404785993,7825,6766,16,0.005573749542236328,7404
4327,2D_27628_bjtcai,BiBFS-python,3404785993,8769,19568,72,0.19327688217163086,284447
4328,2D_27628_bjtcai,BiBFS-python,3404785993,858,27217,85,0.2180638313293457,312125
4329,2D_27628_bjtcai,BiBFS-python,3404785993,5497,3025,41,0.034948110580444336,47497
4330,2D_27628_bjtcai,BiBFS-python,3404785993,8577,4764,38,0.03379201889038086,45890
4331,2D_27628_bjtcai,BiBFS-python,3404785993,3005,10344,33,0.030419111251831055,41537
4332,2D_27628_bjtcai,BiBFS-python,3404785993,2832,24817,84,0.20261716842651367,294386
4333,2D_27628_bjtcai,BiBFS-python,3404785993,8463,16359,49,0.07444190979003906,104514
4334,2D_27628_bjtcai,BiBFS-python,3404785993,25679,7732,91,0.20282793045043945,296517
4335,2D_27628_bjtcai,BiBFS-python,3404785993,25949,25007,6,0.0007638931274414062,1102
4336,2D_27628_bjtcai,BiBFS-python,3404785993,14812,17125,25,0.016244173049926758,22551
4337,2D_27628_bjtcai,BiBFS-python,3404785993,24301,8315,84,0.23343682289123535,281987
4338,2D_27628_bjtcai,BiBFS-python,3404785993,13445,6056,51,0.0677640438079834,94681
4339,2D_27628_bjtcai,BiBFS-python,3404785993,9888,14756,28,0.021575927734375,29483
4340,2D_27628_bjtcai,BiBFS-python,3404785993,18489,23441,41,0.0464777946472168,68305
4341,2D_27628_bjtcai,BiBFS-python,3404785993,1011,8417,24,0.011343955993652344,15356
4342,2D_27628_bjtcai,BiBFS-python,3404785993,18350,6208,81,0.21607661247253418,314099
4343,2D_27628_bjtcai,BiBFS-python,3404785993,661,12777,27,0.029549598693847656,40444
4344,2D_27628_bjtcai,BiBFS-python,3404785993,27198,22579,32,0.026244640350341797,39269
4345,2D_27628_bjtcai,BiBFS-python,3404785993,20156,24018,16,0.053179264068603516,23655
4346,2D_27628_bjtcai,BiBFS-python,3404785993,23056,26773,26,0.0263059139251709,40949
4347,2D_27628_bjtcai,BiBFS-python,3404785993,1818,5502,32,0.02130413055419922,28679
4348,2D_27628_bjtcai,BiBFS-python,3404785993,15317,4617,66,0.14445018768310547,204904
4349,2D_27628_bjtcai,BiBFS-python,3404785993,5843,18751,120,0.23052000999450684,340556
4350,2D_27628_bjtcai,BiBFS-python,3404785993,27533,4105,111,0.25900888442993164,315380
4351,2D_27628_bjtcai,BiBFS-python,3404785993,13260,14087,41,0.03516507148742676,48194
4352,2D_27628_bjtcai,BiBFS-python,3404785993,22428,21184,14,0.006527900695800781,10587
4353,2D_27628_bjtcai,BiBFS-python,3404785993,160,25537,86,0.19310307502746582,287151
4354,2D_27628_bjtcai,BiBFS-python,3404785993,2502,2968,24,0.015992164611816406,21740
4355,2D_27628_bjtcai,BiBFS-python,3404785993,21392,13371,48,0.05017399787902832,71676
4356,2D_27628_bjtcai,BiBFS-python,3404785993,12549,27340,70,0.13839006423950195,209828
4357,2D_27628_bjtcai,BiBFS-python,3404785993,24942,6596,103,0.1857588291168213,278114
4358,2D_27628_bjtcai,BiBFS-python,3404785993,25362,20092,35,0.05503702163696289,87641
4359,2D_27628_bjtcai,BiBFS-python,3404785993,2994,9339,33,0.02592015266418457,35753
4360,2D_27628_bjtcai,BiBFS-python,3404785993,20409,10424,50,0.11043810844421387,158679
4361,2D_27628_bjtcai,BiBFS-python,3404785993,8805,24303,80,0.17850518226623535,264441
4362,2D_27628_bjtcai,BiBFS-python,3404785993,13355,9593,28,0.01738905906677246,23733
4363,2D_27628_bjtcai,BiBFS-python,3404785993,22845,18745,8,0.000988006591796875,1260
4364,2D_27628_bjtcai,BiBFS-python,3404785993,14949,6687,63,0.13428902626037598,191070
4365,2D_27628_bjtcai,BiBFS-python,3404785993,10944,16491,66,0.16905498504638672,249322
4366,2D_27628_bjtcai,BiBFS-python,3404785993,2347,44,22,0.008554935455322266,11509
4367,2D_27628_bjtcai,BiBFS-python,3404785993,2820,26767,97,0.19965791702270508,297909
4368,2D_27628_bjtcai,BiBFS-python,3404785993,14862,4793,49,0.05537295341491699,76815
4369,2D_27628_bjtcai,BiBFS-python,3404785993,23609,10069,70,0.16789793968200684,244807
4370,2D_27628_bjtcai,BiBFS-python,3404785993,21810,24428,11,0.004312992095947266,6680
4371,2D_27628_bjtcai,BiBFS-python,3404785993,21798,18176,30,0.03069305419921875,46289
4372,2D_27628_bjtcai,BiBFS-python,3404785993,10987,23831,84,0.20120930671691895,244490
4373,2D_27628_bjtcai,BiBFS-python,3404785993,9595,13470,40,0.04210495948791504,57535
4374,2D_27628_bjtcai,BiBFS-python,3404785993,11567,25506,62,0.14852380752563477,220386
4375,2D_27628_bjtcai,BiBFS-python,3404785993,8185,5821,40,0.03184795379638672,43377
4376,2D_27628_bjtcai,BiBFS-python,3404785993,3003,10719,23,0.013241052627563477,18131
4377,2D_27628_bjtcai,BiBFS-python,3404785993,26195,17899,37,0.06017494201660156,95468
4378,2D_27628_bjtcai,BiBFS-python,3404785993,16164,2120,62,0.09720587730407715,134257
4379,2D_27628_bjtcai,BiBFS-python,3404785993,2614,20152,65,0.1928398609161377,272602
4380,2D_27628_bjtcai,BiBFS-python,3404785993,4184,19528,94,0.21834635734558105,318767
4381,2D_27628_bjtcai,BiBFS-python,3404785993,25109,17530,36,0.06064605712890625,93526
4382,2D_27628_bjtcai,BiBFS-python,3404785993,3333,16515,83,0.19426894187927246,285904
4383,2D_27628_bjtcai,BiBFS-python,3404785993,27166,23795,42,0.03827500343322754,58244
4384,2D_27628_bjtcai,BiBFS-python,3404785993,11489,5376,42,0.04666280746459961,64348
4385,2D_27628_bjtcai,BiBFS-python,3404785993,10558,20898,53,0.1437528133392334,212224
4386,2D_27628_bjtcai,BiBFS-python,3404785993,4811,26384,111,0.20802521705627441,303558
4387,2D_27628_bjtcai,BiBFS-python,3404785993,3999,543,23,0.021671295166015625,29712
4388,2D_27628_bjtcai,BiBFS-python,3404785993,24249,20484,36,0.06024599075317383,91451
4389,2D_27628_bjtcai,BiBFS-python,3404785993,9791,12998,47,0.05808210372924805,80726
4390,2D_27628_bjtcai,BiBFS-python,3404785993,3581,24710,91,0.2004690170288086,295740
4391,2D_27628_bjtcai,BiBFS-python,3404785993,1956,6113,26,0.020307064056396484,27790
4392,2D_27628_bjtcai,BiBFS-python,3404785993,23834,9984,95,0.18248414993286133,273159
4393,2D_27628_bjtcai,BiBFS-python,3404785993,2200,18520,58,0.16774773597717285,238128
4394,2D_27628_bjtcai,BiBFS-python,3404785993,6669,7762,8,0.0007319450378417969,884
4395,2D_27628_bjtcai,BiBFS-python,3404785993,7252,22254,87,0.2034313678741455,299217
4396,2D_27628_bjtcai,BiBFS-python,3404785993,22891,13308,69,0.1300349235534668,196903
4397,2D_27628_bjtcai,BiBFS-python,3404785993,5281,25616,122,0.22382426261901855,325592
4398,2D_27628_bjtcai,BiBFS-python,3404785993,7819,24081,81,0.19445300102233887,286000
4399,2D_27628_bjtcai,BiBFS-python,3404785993,19041,6518,116,0.2283158302307129,330644
4800,2D_54019_highK,BiBFS-python,3404785993,6073,33494,49,0.09126091003417969,128228
4801,2D_54019_highK,BiBFS-python,3404785993,13283,46486,45,0.09415197372436523,152786
4802,2D_54019_highK,BiBFS-python,3404785993,25403,35034,50,0.1190342903137207,181866
4803,2D_54019_highK,BiBFS-python,3404785993,17996,7301,23,0.03789496421813965,58527
4804,2D_54019_highK,BiBFS-python,3404785993,37151,46237,17,0.011254072189331055,16429
4805,2D_54019_highK,BiBFS-python,3404785993,39103,8202,61,0.16934871673583984,263148
4806,2D_54019_highK,BiBFS-python,3404785993,6038,36319,51,0.19993185997009277,299824
4807,2D_54019_highK,BiBFS-python,3404785993,8776,40890,23,0.02937602996826172,44333
4808,2D_54019_highK,BiBFS-python,3404785993,6307,31505,26,0.027592182159423828,44152
4809,2D_54019_highK,BiBFS-python,3404785993,10114,2375,18,0.012865066528320312,21761
4810,2D_54019_highK,BiBFS-python,3404785993,5828,22668,57,0.21162700653076172,310911
4811,2D_54019_highK,BiBFS-python,3404785993,43382,33778,20,0.013799190521240234,20096
4812,2D_54019_highK,BiBFS-python,3404785993,29384,12640,55,0.12260723114013672,188352
4813,2D_54019_highK,BiBFS-python,3404785993,48569,21188,24,0.030643939971923828,48081
4814,2D_54019_highK,BiBFS-python,3404785993,16380,20977,45,0.06796908378601074,99130
4815,2D_54019_highK,BiBFS-python,3404785993,42530,22317,32,0.04546093940734863,72056
4816,2D_54019_highK,BiBFS-python,3404785993,35041,23573,39,0.07036185264587402,114078
4817,2D_54019_highK,BiBFS-python,3404785993,18219,29754,17,0.014686107635498047,20413
4818,2D_54019_highK,BiBFS-python,3404785993,31065,28399,34,0.04587507247924805,66263
4819,2D_54019_highK,BiBFS-python,3404785993,43521,42559,33,0.054763078689575195,89771
4820,2D_54019_highK,BiBFS-python,3404785993,22614,49697,61,0.24615025520324707,363707
4821,2D_54019_highK,BiBFS-python,3404785993,13851,37709,61,0.18111896514892578,285018
4822,2D_54019_highK,BiBFS-python,3404785993,27021,8234,59,0.15595197677612305,241171
4823,2D_54019_highK,BiBFS-python,3404785993,47743,15167,46,0.11018896102905273,169085
4824,2D_54019_highK,BiBFS-python,3404785993,53489,7901,13,0.01071786880493164,16710
4825,2D_54019_highK,BiBFS-python,3404785993,22713,48569,45,0.1650080680847168,236246
4826,2D_54019_highK,BiBFS-python,3404785993,15299,13230,27,0.04575204849243164,71980
4827,2D_54019_highK,BiBFS-python,3404785993,17146,38260,51,0.26456618309020996,391604
4828,2D_54019_highK,BiBFS-python,3404785993,1677,53216,27,0.03236818313598633,50107
4829,2D_54019_highK,BiBFS-python,3404785993,10748,5914,32,0.052947044372558594,85051
4830,2D_54019_highK,BiBFS-python,3404785993,16771,9314,22,0.01805901527404785,28582
4831,2D_54019_highK,BiBFS-python,3404785993,5876,20226,23,0.023331880569458008,38602
4832,2D_54019_highK,BiBFS-python,3404785993,5537,48524,35,0.0672461986541748,108496
4833,2D_54019_highK,BiBFS-python,3404785993,16548,31986,47,0.1894068717956543,246551
4834,2D_54019_highK,BiBFS-python,3404785993,50208,15118,29,0.0399622917175293,66353
4835,2D_54019_highK,BiBFS-python,3404785993,50737,48894,40,0.07027506828308105,110385
4836,2D_54019_highK,BiBFS-python,3404785993,28960,33484,22,0.01278996467590332,18238
4837,2D_54019_highK,BiBFS-python,3404785993,47514,16258,53,0.1362466812133789,212069
4838,2D_54019_highK,BiBFS-python,3404785993,26288,11841,48,0.08865618705749512,131681
4839,2D_54019_highK,BiBFS-python,3404785993,19334,28851,35,0.03924894332885742,56182
4840,2D_54019_highK,BiBFS-python,3404785993,36151,45833,48,0.1650843620300293,241975
4841,2D_54019_highK,BiBFS-python,3404785993,1977,16458,24,0.01857304573059082,28385
4842,2D_54019_highK,BiBFS-python,3404785993,35879,12139,56,0.13561010360717773,217226
4843,2D_54019_highK,BiBFS-python,3404785993,1293,24983,60,0.21493196487426758,312997
4844,2D_54019_highK,BiBFS-python,3404785993,53179,44147,16,0.015926122665405273,25635
4845,2D_54019_highK,BiBFS-python,3404785993,39410,46960,34,0.05794501304626465,94369
4846,2D_54019_highK,BiBFS-python,3404785993,45080,52348,49,0.09430122375488281,144576
4847,2D_54019_highK,BiBFS-python,3404785993,3555,10759,37,0.06399202346801758,105796
4848,2D_54019_highK,BiBFS-python,3404785993,29949,9029,44,0.08346176147460938,129119
4849,2D_54019_highK,BiBFS-python,3404785993,11425,36663,48,0.11194586753845215,175476
4850,2D_54019_highK,BiBFS-python,3404785993,53833,8027,19,0.020666122436523438,32545
4851,2D_54019_highK,BiBFS-python,3404785993,25926,27544,45,0.12999296188354492,188959
4852,2D_54019_highK,BiBFS-python,3404785993,43852,41420,12,0.006155967712402344,9425
4853,2D_54019_highK,BiBFS-python,3404785993,314,49931,34,0.06244611740112305,94825
4854,2D_54019_highK,BiBFS-python,3404785993,4892,5803,46,0.09809112548828125,159485
4855,2D_54019_highK,BiBFS-python,3404785993,41826,26144,53,0.14971303939819336,217079
4856,2D_54019_highK,BiBFS-python,3404785993,24536,53456,30,0.050826072692871094,74402
4857,2D_54019_highK,BiBFS-python,3404785993,48768,12897,43,0.07585287094116211,111615
4858,2D_54019_highK,BiBFS-python,3404785993,49589,39286,35,0.05781888961791992,92534
4859,2D_54019_highK,BiBFS-python,3404785993,5853,18261,23,0.025196075439453125,39544
4860,2D_54019_highK,BiBFS-python,3404785993,39904,20381,55,0.1286618709564209,198302
4861,2D_54019_highK,BiBFS-python,3404785993,17217,47518,20,0.02613973617553711,40422
4862,2D_54019_highK,BiBFS-python,3404785993,26112,18756,35,0.04461097717285156,66286
4863,2D_54019_highK,BiBFS-python,3404785993,44668,36652,42,0.11551403999328613,175683
4864,2D_54019_highK,BiBFS-python,3404785993,29229,13076,25,0.024051189422607422,36530
4865,2D_54019_highK,BiBFS-python,3404785993,21398,32244,55,0.3407149314880371,495529
4866,2D_54019_highK,BiBFS-python,3404785993,4589,87,31,0.036457061767578125,56827
4867,2D_54019_highK,BiBFS-python,3404785993,5515,52336,55,0.1145029067993164,171834
4868,2D_54019_highK,BiBFS-python,3404785993,29059,9371,51,0.24026012420654297,351305
4869,2D_54019_highK,BiBFS-python,3404785993,46162,19688,49,0.15113377571105957,226603
4870,2D_54019_highK,BiBFS-python,3404785993,42644,47764,32,0.0728759765625,99746
4871,2D_54019_highK,BiBFS-python,3404785993,42621,35539,42,0.1805429458618164,259133
4872,2D_54019_highK,BiBFS-python,3404785993,21482,46595,57,0.20902085304260254,310029
4873,2D_54019_highK,BiBFS-python,3404785993,18762,26337,40,0.055497169494628906,81240
4874,2D_54019_highK,BiBFS-python,3404785993,22617,49870,46,0.19962692260742188,291055
4875,2D_54019_highK,BiBFS-python,3404785993,16003,11381,52,0.12373495101928711,198267
4876,2D_54019_highK,BiBFS-python,3404785993,5873,20958,54,0.20924687385559082,310820
4877,2D_54019_highK,BiBFS-python,3404785993,51218,34996,46,0.09862565994262695,155875
4878,2D_54019_highK,BiBFS-python,3404785993,31604,4146,44,0.15840601921081543,229727
4879,2D_54019_highK,BiBFS-python,3404785993,5112,39402,32,0.04977917671203613,81763
4880,2D_54019_highK,BiBFS-python,3404785993,8182,38183,44,0.09818100929260254,147713
4881,2D_54019_highK,BiBFS-python,3404785993,49094,34275,33,0.06615996360778809,100532
4882,2D_54019_highK,BiBFS-python,3404785993,6516,32291,59,0.32148289680480957,470914
4883,2D_54019_highK,BiBFS-python,3404785993,53115,46525,22,0.023643016815185547,38872
4884,2D_54019_highK,BiBFS-python,3404785993,22463,10511,39,0.08739304542541504,139766
4885,2D_54019_highK,BiBFS-python,3404785993,20643,40861,45,0.08104419708251953,121222
4886,2D_54019_highK,BiBFS-python,3404785993,9407,51586,38,0.05399513244628906,78086
4887,2D_54019_highK,BiBFS-python,3404785993,7819,1063,7,0.003696918487548828,4880
4888,2D_54019_highK,BiBFS-python,3404785993,47413,40051,48,0.14385199546813965,209982
4889,2D_54019_highK,BiBFS-python,3404785993,19144,25414,52,0.2568988800048828,372528
4890,2D_54019_highK,BiBFS-python,3404785993,7003,48314,39,0.1783750057220459,251617
4891,2D_54019_highK,BiBFS-python,3404785993,3825,11952,28,0.025420188903808594,37929
4892,2D_54019_highK,BiBFS-python,3404785993,46602,19522,48,0.10211825370788574,154537
4893,2D_54019_highK,BiBFS-python,3404785993,4302,36210,33,0.060151100158691406,95195
4894,2D_54019_highK,BiBFS-python,3404785993,13040,15177,22,0.019127607345581055,31562
4895,2D_54019_highK,BiBFS-python,3404785993,14179,43511,38,0.06939077377319336,115002
4896,2D_54019_highK,BiBFS-python,3404785993,44757,26021,11,0.005769014358520508,7911
4897,2D_54019_highK,BiBFS-python,3404785993,10326,50086,41,0.07488894462585449,117008
4898,2D_54019_highK,BiBFS-python,3404785993,15289,47085,17,0.017281055450439453,26789
4899,2D_54019_highK,BiBFS-python,3404785993,37229,12745,27,0.027848005294799805,41448
